filename	total_features	plantmasst_features	percentage	Sample_type	MS_type	PERIOD	TREAT	wet_weight	SampleID	diet
Sep2023_conjBA_BeefDiet_034_L1-3.mzML	125575859.120193	2127343.88837	1.6940707419997383	L1-3	MS1_pos	DP2	AAD	26.4	201.0	American
Sep2023_conjBA_BeefDiet_054_L1-125.mzML	217712742.356744	2349792.4630899997	1.079308651231645	L1-125	MS1_pos	DP2	AAD	24.1	230.0	American
Sep2023_conjBA_BeefDiet_123_L1-81_20230922221546.mzML	167118843.820706	2585875.4993600002	1.547327303277819	L1-81	MS1_pos	DP2	AAD	25.9	219.0	American
Sep2023_conjBA_BeefDiet_125_L1-136.mzML	126984548.99711701	2073189.2304439999	1.6326310931663572	L1-136	MS1_pos	DP1	AAD	24.3	234.0	American
Sep2023_conjBA_BeefDiet_047_L1-13.mzML	141884330.551615	1872710.30456	1.3198852172606483	L1-13	MS1_pos	DP1	AAD	25.0	204.0	American
Sep2023_conjBA_BeefDiet_057_L1-112.mzML	322668721.74073	3625184.1713900007	1.123500335524588	L1-112	MS1_pos	DP4	AAD	25.5	227.0	American
Sep2023_conjBA_BeefDiet_140_L1-107.mzML	140548933.429382	1707473.3981000003	1.2148604449979057	L1-107	MS1_pos	DP4	AAD	27.3	226.0	American
Sep2023_conjBA_BeefDiet_064_L1-89.mzML	199881055.385359	3640052.1469300003	1.82110912908289	L1-89	MS1_pos	DP3	AAD	25.2	222.0	American
Sep2023_conjBA_BeefDiet_135_L1-132.mzML	318164107.369406	2765728.01623	0.8692771912888457	L1-132	MS1_pos	DP3	AAD	25.7	232.0	American
Sep2023_conjBA_BeefDiet_042_L1-41.mzML	146131800.208961	2220412.8250900004	1.5194590239187662	L1-41	MS1_pos	DP3	AAD	23.9	210.0	American
Sep2023_conjBA_BeefDiet_039_L1-10.mzML	289001277.445357	4756464.89016	1.6458283271980794	L1-10	MS1_pos	DP4	AAD	28.8	202.0	American
Sep2023_conjBA_BeefDiet_107_L1-114.mzML	430914633.830138	6659094.017134	1.5453394928701687	L1-114	MS1_pos	DP1	AAD	28.8	228.0	American
Sep2023_conjBA_BeefDiet_065_L1-146.mzML	234458253.67646	1849691.8641300001	0.7889216246925037	L1-146	MS1_pos	DP4	AAD	22.6	236.0	American
Sep2023_conjBA_BeefDiet_043_L1-72.mzML	279893291.19517505	4144184.2533200006	1.4806300771354253	L1-72	MS1_pos	DP3	AAD	22.6	217.0	American
Sep2023_conjBA_BeefDiet_075_L1-76.mzML	311655965.88384104	4045316.93552	1.2980072189690577	L1-76	MS1_pos	DP2	AAD	24.2	218.0	American
Sep2023_conjBA_BeefDiet_022_L1-63.mzML	169409902.478374	1715135.9400999998	1.0124177601241138	L1-63	MS1_pos	DP4	AAD	26.6	215.0	American
Sep2023_conjBA_BeefDiet_130_L1-49.mzML	165332166.02375102	2184112.8516	1.3210453259810546	L1-49	MS1_pos	DP1	AAD	23.8	212.0	American
Sep2023_conjBA_BeefDiet_035_L1-20.mzML	401670981.297618	5054527.838339999	1.2583751562064796	L1-20	MS1_pos	DP2	AAD	25.1	206.0	American
Sep2023_conjBA_BeefDiet_147_L1-121.mzML	308590430.933955	5536521.732930001	1.7941326683959737	L1-121	MS1_pos	DP3	AAD	22.0	229.0	American
Sep2023_conjBA_BeefDiet_109_L1-34.mzML	257434330.35670897	5701849.098755	2.2148751842282812	L1-34	MS1_pos	DP1	AAD	24.8	209.0	American
Sep2023_conjBA_BeefDiet_015_L1-25.mzML	149123053.95501	1995199.8607099997	1.3379553380873932	L1-25	MS1_pos	DP2	AAD	25.6	207.0	American
Sep2023_conjBA_BeefDiet_006_L1-46.mzML	130337018.187976	1800275.56788	1.3812465506028286	L1-46	MS1_pos	DP3	AAD	26.9	211.0	American
Sep2023_conjBA_BeefDiet_023_L1-58.mzML	368654680.6833	4501995.791340001	1.2211958852646518	L1-58	MS1_pos	DP4	AAD	23.5	214.0	American
Sep2023_conjBA_BeefDiet_100_L1-29.mzML	174652526.99398	2064721.06014	1.1821879108632467	L1-29	MS1_pos	DP1	AAD	24.5	208.0	American
Sep2023_conjBA_BeefDiet_077_L1-102.mzML	189132333.147914	3293037.67782	1.741128882095811	L1-102	MS1_pos	DP2	AAD	24.3	225.0	American
Sep2023_conjBA_BeefDiet_119_L1-45.mzML	122578355.944439	1490479.2307199999	1.215939975076504	L1-45	MS1_pos	DP2	MED2.5	26.3	211.0	Mediterranean
Sep2023_conjBA_BeefDiet_095_L1-87.mzML	126234855.054495	3421585.2704299996	2.7104917013236296	L1-87	MS1_pos	DP1	MED2.5	27.5	222.0	Mediterranean
Sep2023_conjBA_BeefDiet_106_L1-31.mzML	310985084.47185	5544635.495890001	1.782926504435583	L1-31	MS1_pos	DP3	MED2.5	25.1	208.0	Mediterranean
Sep2023_conjBA_BeefDiet_114_L1-36.mzML	116238607.958617	2057321.37061	1.7699122578467583	L1-36	MS1_pos	DP3	MED5.5	25.9	209.0	Mediterranean
Sep2023_conjBA_BeefDiet_101_L1-111.mzML	176960202.200181	1774456.69659	1.0027433708414835	L1-111	MS1_pos	DP3	MED2.5	26.4	227.0	Mediterranean
Sep2023_conjBA_BeefDiet_103_L1-15.mzML	137584626.17008	2492256.06255	1.811434992358166	L1-15	MS1_pos	DP3	MED0.5	23.6	204.0	Mediterranean
Sep2023_conjBA_BeefDiet_108_L1-60.mzML	146950214.86582	1774871.17292	1.2078044081396084	L1-60	MS1_pos	DP1	MED5.5	24.7	215.0	Mediterranean
Sep2023_conjBA_BeefDiet_105_L1-145.mzML	102770838.792272	2112847.65922	2.05588247021185	L1-145	MS1_pos	DP3	MED2.5	25.0	236.0	Mediterranean
Sep2023_conjBA_BeefDiet_014_L1-88.mzML	81809200.10936601	2078525.95367	2.540699518992165	L1-88	MS1_pos	DP2	MED0.5	22.4	222.0	Mediterranean
Sep2023_conjBA_BeefDiet_134_L1-55.mzML	132127997.375767	2387888.8931299997	1.8072542841461032	L1-55	MS1_pos	DP1	MED2.5	28.6	214.0	Mediterranean
Sep2023_conjBA_BeefDiet_129_L1-26.mzML	80529475.98251	1426901.89799	1.7719001403907129	L1-26	MS1_pos	DP3	MED0.5	24.4	207.0	Mediterranean
Sep2023_conjBA_BeefDiet_162_L1-21.mzML	173268293.432484	4602123.259860001	2.6560677482826778	L1-21	MS1_pos	DP3	MED5.5	25.0	206.0	Mediterranean
Sep2023_conjBA_BeefDiet_118_L1-92.mzML	5820226698.21348	31074623.4921	0.5339074421557903	L1-92	MS1_pos	DP1	MED5.5	25.1	223.0	Mediterranean
Sep2023_conjBA_BeefDiet_156_L1-52.mzML	263745184.440166	3151140.18343	1.1947669073536684	L1-52	MS1_pos	DP4	MED2.5	23.4	212.0	Mediterranean
Sep2023_conjBA_BeefDiet_152_L1-73.mzML	131808586.978341	1866449.12935	1.4160299963284624	L1-73	MS1_pos	DP4	MED2.5	25.1	217.0	Mediterranean
Sep2023_conjBA_BeefDiet_153_L1-71.mzML	220749494.20995802	2703408.06054	1.224649719001734	L1-71	MS1_pos	DP2	MED5.5	24.8	217.0	Mediterranean
Sep2023_conjBA_BeefDiet_150_L1-62.mzML	181591574.055615	2601303.7798499996	1.4325024679026754	L1-62	MS1_pos	DP3	MED2.5	25.1	215.0	Mediterranean
Sep2023_conjBA_BeefDiet_159_L1-83.mzML	101808513.132288	2368161.73507	2.3260940192622757	L1-83	MS1_pos	DP4	MED2.5	23.3	219.0	Mediterranean
Sep2023_conjBA_BeefDiet_158_L1-39.mzML	103102034.12501499	1335965.90061	1.29577065277887	L1-39	MS1_pos	DP1	MED2.5	26.2	210.0	Mediterranean
Sep2023_conjBA_BeefDiet_116_L1-103.mzML	263110540.678372	4732161.874129999	1.7985451521361222	L1-103	MS1_pos	DP3	MED2.5	27.1	225.0	Mediterranean
Sep2023_conjBA_BeefDiet_161_L1-2.mzML	96668016.144779	1607715.962294	1.663131226243575	L1-2	MS1_pos	DP1	MED0.5	25.1	201.0	Mediterranean
Sep2023_conjBA_BeefDiet_155_L1-115.mzML	140618727.058066	2012482.6966899997	1.4311626472475323	L1-115	MS1_pos	DP2	MED2.5	25.7	228.0	Mediterranean
Sep2023_conjBA_BeefDiet_142_L1-7.mzML	130133789.44069701	1666854.2423100001	1.280877356660392	L1-7	MS1_pos	DP1	MED2.5	28.0	202.0	Mediterranean
Sep2023_conjBA_BeefDiet_138_L1-61.mzML	146147014.53173602	2032509.82005	1.3907296201446782	L1-61	MS1_pos	DP2	MED0.5	26.2	215.0	Mediterranean
Sep2023_conjBA_BeefDiet_128_L1-126.mzML	207205990.22241798	1940983.07248	0.9367408106283608	L1-126	MS1_pos	DP3	MED5.5	25.9	230.0	Mediterranean
Sep2023_conjBA_BeefDiet_141_L1-119.mzML	148756980.137761	1981125.27733	1.3317864314637993	L1-119	MS1_pos	DP1	MED0.5	26.5	229.0	Mediterranean
Sep2023_conjBA_BeefDiet_091_L1-66.mzML	242104992.447236	2379845.1535	0.9829806190463667	L1-66	MS1_pos	DP2	MED2.5	27.7	216.0	Mediterranean
Sep2023_conjBA_BeefDiet_136_L1-35.mzML	203698154.231427	3352350.7205999997	1.645744279445607	L1-35	MS1_pos	DP2	MED0.5	25.3	209.0	Mediterranean
Sep2023_conjBA_BeefDiet_121_L1-122.mzML	120552695.186213	2498413.92115	2.072466249958824	L1-122	MS1_pos	DP4	MED2.5	25.4	229.0	Mediterranean
Sep2023_conjBA_BeefDiet_127_L1-27.mzML	103373823.352546	1882930.62494	1.8214772017461855	L1-27	MS1_pos	DP4	MED2.5	24.6	207.0	Mediterranean
Sep2023_conjBA_BeefDiet_154_L1-24.mzML	105721933.79754099	1804440.9672100001	1.7067801376633256	L1-24	MS1_pos	DP1	MED5.5	24.7	207.0	Mediterranean
Sep2023_conjBA_BeefDiet_102_L1-141.mzML	113741385.30402601	2008709.55947	1.766032261784752	L1-141	MS1_pos	DP1	MED0.5	26.9	235.0	Mediterranean
Sep2023_conjBA_BeefDiet_089_L1-40.mzML	119776545.897066	1777572.71029	1.484074112320468	L1-40	MS1_pos	DP2	MED0.5	26.0	210.0	Mediterranean
Sep2023_conjBA_BeefDiet_094_L1-22.mzML	264585825.20511502	5073979.209755001	1.9177063645875576	L1-22	MS1_pos	DP4	MED0.5	25.3	206.0	Mediterranean
Sep2023_conjBA_BeefDiet_031_L1-78.mzML	198392448.00881898	2730013.8686800003	1.3760674340580974	L1-78	MS1_pos	DP4	MED0.5	25.0	218.0	Mediterranean
Sep2023_conjBA_BeefDiet_030_L1-75.mzML	258706076.152534	2328101.410485	0.8999020993663648	L1-75	MS1_pos	DP1	MED2.5	25.5	218.0	Mediterranean
Sep2023_conjBA_BeefDiet_029_L1-96.mzML	333096780.72018	4971389.469745	1.4924759882087382	L1-96	MS1_pos	DP1	MED0.5	26.4	224.0	Mediterranean
Sep2023_conjBA_BeefDiet_040_L1-90.mzML	152280782.29576802	2502603.4133800003	1.6434138146987636	L1-90	MS1_pos	DP4	MED5.5	26.5	222.0	Mediterranean
Sep2023_conjBA_BeefDiet_044_L1-32.mzML	168895260.34412003	3687051.2896	2.183040117341198	L1-32	MS1_pos	DP4	MED0.5	25.4	208.0	Mediterranean
Sep2023_conjBA_BeefDiet_028_L1-117.mzML	201542081.61346602	2516924.01136	1.2488329936906992	L1-117	MS1_pos	DP4	MED5.5	27.3	228.0	Mediterranean
Sep2023_conjBA_BeefDiet_036_L1-130.mzML	152739281.272984	1547902.5333699998	1.0134279279496567	L1-130	MS1_pos	DP1	MED0.5	24.7	232.0	Mediterranean
Sep2023_conjBA_BeefDiet_025_L1-105.mzML	171744933.40607	1735314.25284	1.010402006292122	L1-105	MS1_pos	DP1	MED2.5	26.1	226.0	Mediterranean
Sep2023_conjBA_BeefDiet_020_L1-16.mzML	133478474.219874	1947882.362	1.4593232155106355	L1-16	MS1_pos	DP4	MED5.5	25.3	204.0	Mediterranean
Sep2023_conjBA_BeefDiet_032_L1-138.mzML	129753074.32810201	3420707.833436	2.6363212210187617	L1-138	MS1_pos	DP3	MED2.5	27.0	234.0	Mediterranean
Sep2023_conjBA_BeefDiet_017_L1-106.mzML	180382614.908803	1585496.8148199997	0.878963205861933	L1-106	MS1_pos	DP2	MED5.5	27.0	226.0	Mediterranean
Sep2023_conjBA_BeefDiet_026_L1-120.mzML	172568499.26011598	1283013.93798	0.7434809617519401	L1-120	MS1_pos	DP2	MED5.5	26.0	229.0	Mediterranean
Sep2023_conjBA_BeefDiet_007_L1-98.mzML	118469048.880211	2292930.70006	1.935468142720111	L1-98	MS1_pos	DP3	MED5.5	23.9	224.0	Mediterranean
Sep2023_conjBA_BeefDiet_012_L1-30.mzML	128256794.96837202	2990628.21256	2.331750308665896	L1-30	MS1_pos	DP2	MED5.5	25.2	208.0	Mediterranean
Sep2023_conjBA_BeefDiet_018_L1-51.mzML	150109355.09902	2484832.2453	1.6553480252185975	L1-51	MS1_pos	DP3	MED5.5	25.7	212.0	Mediterranean
Sep2023_conjBA_BeefDiet_011_L1-47.mzML	202493044.626431	1778908.3345249998	0.8785034260346158	L1-47	MS1_pos	DP4	MED0.5	25.0	211.0	Mediterranean
Sep2023_conjBA_BeefDiet_013_L1-116.mzML	157112924.745579	2551746.02464	1.6241477451789361	L1-116	MS1_pos	DP3	MED0.5	23.8	228.0	Mediterranean
Sep2023_conjBA_BeefDiet_009_L1-143.mzML	131045963.777884	3064360.3766600005	2.338385928355588	L1-143	MS1_pos	DP1	MED5.5	26.8	236.0	Mediterranean
Sep2023_conjBA_BeefDiet_010_L1-56.mzML	126149664.14716999	1183463.01864	0.9381420288676602	L1-56	MS1_pos	DP2	MED5.5	24.3	214.0	Mediterranean
Sep2023_conjBA_BeefDiet_045_L1-93.mzML	228032476.872828	3946927.6683	1.7308620782561477	L1-93	MS1_pos	DP2	MED2.5	24.5	223.0	Mediterranean
Sep2023_conjBA_BeefDiet_046_L1-67.mzML	145584177.81391	2433339.27537	1.6714311348314006	L1-67	MS1_pos	DP3	MED0.5	27.2	216.0	Mediterranean
Sep2023_conjBA_BeefDiet_050_L1-139.mzML	144531395.82784498	4136084.8727	2.8617207002045397	L1-139	MS1_pos	DP4	MED0.5	27.5	234.0	Mediterranean
Sep2023_conjBA_BeefDiet_041_L1-77.mzML	187175550.271244	1827126.77983	0.9761567561480297	L1-77	MS1_pos	DP3	MED5.5	24.5	218.0	Mediterranean
Sep2023_conjBA_BeefDiet_097_L1-109.mzML	181879757.70734	2623565.55978	1.4424725394683777	L1-109	MS1_pos	DP1	MED5.5	27.6	227.0	Mediterranean
Sep2023_conjBA_BeefDiet_086_L1-131.mzML	226252336.36944	3977409.3364899997	1.7579528239635143	L1-131	MS1_pos	DP2	MED5.5	27.6	232.0	Mediterranean
Sep2023_conjBA_BeefDiet_090_L1-9.mzML	189515781.059723	2853133.7816000003	1.5054861213382957	L1-9	MS1_pos	DP3	MED0.5	25.3	202.0	Mediterranean
Sep2023_conjBA_BeefDiet_092_L1-133.mzML	205861434.953858	1874054.30497	0.9103474409328063	L1-133	MS1_pos	DP4	MED2.5	25.5	232.0	Mediterranean
Sep2023_conjBA_BeefDiet_096_L1-110.mzML	86533329.55562499	1294531.0181399998	1.4959912264878872	L1-110	MS1_pos	DP2	MED0.5	25.7	227.0	Mediterranean
Sep2023_conjBA_BeefDiet_072_L1-144.mzML	132139469.649742	3017730.58368	2.2837465533038728	L1-144	MS1_pos	DP2	MED0.5	26.0	236.0	Mediterranean
Sep2023_conjBA_BeefDiet_078_L1-68.mzML	149965235.51550502	2349809.2613000004	1.5669026579543843	L1-68	MS1_pos	DP4	MED5.5	22.7	216.0	Mediterranean
Sep2023_conjBA_BeefDiet_083_L1-14.mzML	148762398.686606	1520066.48825	1.0218082671900752	L1-14	MS1_pos	DP2	MED2.5	28.0	204.0	Mediterranean
Sep2023_conjBA_BeefDiet_079_L1-44.mzML	112668655.102707	977118.8063499999	0.8672499067813257	L1-44	MS1_pos	DP1	MED5.5	23.9	211.0	Mediterranean
Sep2023_conjBA_BeefDiet_087_L1-70.mzML	243470276.55571902	3507912.0514	1.4407968401831597	L1-70	MS1_pos	DP1	MED0.5	26.8	217.0	Mediterranean
Sep2023_conjBA_BeefDiet_069_L1-97.mzML	156881334.196041	2730569.8662499995	1.7405320271166507	L1-97	MS1_pos	DP2	MED2.5	25.4	224.0	Mediterranean
Sep2023_conjBA_BeefDiet_073_L1-127.mzML	166558219.708464	3747757.85946	2.250118826930251	L1-127	MS1_pos	DP4	MED0.5	23.5	230.0	Mediterranean
Sep2023_conjBA_BeefDiet_063_L1-82.mzML	129181528.229689	2850268.51891	2.2064056355194444	L1-82	MS1_pos	DP3	MED0.5	25.6	219.0	Mediterranean
Sep2023_conjBA_BeefDiet_055_L1-50.mzML	173970897.488055	3425798.0342099993	1.9691788015551381	L1-50	MS1_pos	DP2	MED0.5	25.1	212.0	Mediterranean
Sep2023_conjBA_BeefDiet_053_L1-124.mzML	250500878.306933	3360183.3737000003	1.341385865155668	L1-124	MS1_pos	DP1	MED2.5	26.6	230.0	Mediterranean
Sep2023_conjBA_BeefDiet_051_L1-80.mzML	122196924.532896	1443071.83474	1.180939569679201	L1-80	MS1_pos	DP1	MED5.5	22.1	219.0	Mediterranean
Sep2023_conjBA_BeefDiet_066_L1-8.mzML	127012131.896269	1639992.3745199998	1.2912092333505465	L1-8	MS1_pos	DP2	MED5.5	25.6	202.0	Mediterranean
Sep2023_conjBA_BeefDiet_061_L1-57.mzML	186807595.19747397	1609844.7478999998	0.8617662179089859	L1-57	MS1_pos	DP3	MED0.5	24.8	214.0	Mediterranean
Sep2023_conjBA_BeefDiet_062_L1-19.mzML	130322253.857967	1957909.91072	1.502360381868355	L1-19	MS1_pos	DP1	MED2.5	27.2	206.0	Mediterranean
Sep2023_conjBA_BeefDiet_052_L1-4.mzML	210403905.385288	4261663.71159	2.0254679701815017	L1-4	MS1_pos	DP3	MED2.5	27.0	201.0	Mediterranean
Sep2023_conjBA_BeefDiet_076_L1-42.mzML	205016597.17904502	2611308.54954	1.2737059269691677	L1-42	MS1_pos	DP4	MED5.5	27.8	210.0	Mediterranean
Sep2023_conjBA_BeefDiet_163_L1-101.mzML	142893538.06817	1645189.50836	1.1513393331860338	L1-101	MS1_pos	DP1	MED0.5	24.4	225.0	Mediterranean
